{
  "train": {
    "num_records": 2548,
    "avg_text_length": 1241.6911302982733,
    "median_text_length": 1084.0,
    "p95_text_length": 2974.2500000000005
  },
  "val": {
    "num_records": 638,
    "avg_text_length": 1229.5329153605016,
    "median_text_length": 1042.5,
    "p95_text_length": 2996.1499999999987
  }
}