{
  "train": {
    "num_records": 306,
    "avg_text_length": 462.859477124183,
    "median_text_length": 414.0,
    "p95_text_length": 983.0
  },
  "val": {
    "num_records": 77,
    "avg_text_length": 443.6363636363636,
    "median_text_length": 382.0,
    "p95_text_length": 918.8000000000001
  }
}